Blood,Menstrual.secretion,Nasal.mucosa,Saliva,Semen.fertile,Vaginal.mucosa,HBB,ALAS2,CD93,HTN3,STATH,BPIFA1,MUC4,MYOZ1,CYP2B7P1,MMP10,MMP7,MMP11,SEMG1,KLK3,PRM1,RPS4Y1,XIST,ACTB,18S-rRNA
0,0,0,0,1,1,0.0,0.0,0.0,0.0,0.0,0.0,7891.0,6590.0,366.0,0.0,0.0,0.0,4218.0,778.0,6497.0,7854.0,6125.0,2770,7641.0
0,0,0,0,1,1,0.0,0.0,0.0,0.0,0.0,0.0,6922.0,7460.0,287.0,0.0,0.0,0.0,3889.0,1209.0,6593.0,7783.0,5629.0,2352,7377.0
0,0,0,0,1,1,0.0,0.0,0.0,0.0,0.0,0.0,7719.0,8860.0,372.0,0.0,0.0,0.0,7739.0,1494.0,5791.0,7185.0,5022.0,3426,7495.0
0,0,0,0,1,1,0.0,0.0,0.0,0.0,0.0,0.0,5137.0,8893.0,209.0,0.0,0.0,0.0,5783.0,1814.0,5829.0,7162.0,5035.0,2517,7424.0
0,0,0,0,1,1,0.0,0.0,0.0,0.0,0.0,0.0,8229.0,2703.0,565.0,0.0,0.0,0.0,1167.0,0.0,7601.0,2043.0,6039.0,2026,7382.0
0,0,0,0,1,1,0.0,0.0,0.0,0.0,0.0,0.0,7721.0,2830.0,189.0,0.0,0.0,0.0,697.0,0.0,7767.0,1424.0,6766.0,1676,7259.0
0,0,0,0,1,1,0.0,0.0,0.0,0.0,0.0,0.0,8701.0,6011.0,513.0,0.0,0.0,0.0,2920.0,535.0,6659.0,7128.0,5924.0,3216,7396.0
0,0,0,0,1,1,0.0,0.0,0.0,0.0,0.0,0.0,8589.0,6216.0,544.0,0.0,0.0,0.0,3616.0,1118.0,6385.0,7567.0,5497.0,2995,7291.0
0,0,0,0,1,1,0.0,0.0,0.0,0.0,0.0,0.0,8295.0,2143.0,395.0,0.0,0.0,0.0,926.0,256.0,7996.0,2331.0,6602.0,2123,7336.0
0,0,0,0,1,1,0.0,0.0,0.0,0.0,0.0,0.0,1631.0,335.0,0.0,0.0,0.0,0.0,2907.0,408.0,6731.0,6167.0,2523.0,925,5078.0
0,0,0,0,1,1,0.0,0.0,0.0,0.0,0.0,0.0,2751.0,927.0,0.0,0.0,0.0,0.0,2171.0,311.0,6832.0,4972.0,3651.0,1095,4952.0
0,0,0,0,1,1,0.0,0.0,0.0,0.0,0.0,0.0,2671.0,9090.0,0.0,0.0,0.0,0.0,8787.0,2051.0,5830.0,7125.0,3127.0,2889,7426.0
0,0,0,0,1,1,0.0,0.0,0.0,0.0,0.0,0.0,2557.0,9037.0,0.0,0.0,0.0,0.0,8788.0,3216.0,5866.0,6563.0,2867.0,2893,7205.0
0,0,0,0,1,1,0.0,0.0,0.0,0.0,0.0,0.0,2819.0,2403.0,166.0,0.0,0.0,0.0,1117.0,0.0,7828.0,2695.0,5445.0,930,4674.0
0,0,0,0,1,1,0.0,0.0,0.0,0.0,0.0,0.0,6231.0,2803.0,166.0,0.0,0.0,0.0,1939.0,223.0,6819.0,3845.0,5603.0,1506,7100.0
0,0,0,0,1,1,0.0,0.0,0.0,0.0,0.0,0.0,4121.0,2752.0,1541.0,0.0,0.0,0.0,327.0,436.0,7036.0,4612.0,6398.0,2829,7573.0
0,0,0,0,1,1,0.0,0.0,0.0,0.0,0.0,0.0,4680.0,3319.0,1487.0,0.0,0.0,0.0,675.0,512.0,7290.0,5782.0,6154.0,1797,7404.0
0,0,0,0,1,1,0.0,0.0,0.0,0.0,0.0,0.0,3163.0,2198.0,1201.0,0.0,0.0,0.0,4587.0,1167.0,6269.0,7354.0,5441.0,2739,7504.0
0,0,0,0,1,1,0.0,0.0,0.0,0.0,0.0,0.0,2963.0,6714.0,854.0,0.0,0.0,0.0,2932.0,1168.0,6275.0,7529.0,5697.0,1860,7356.0
0,0,0,0,1,1,0.0,0.0,0.0,0.0,0.0,0.0,7716.0,1907.0,1232.0,0.0,0.0,0.0,1245.0,950.0,7080.0,1980.0,5869.0,1838,7289.0
0,0,0,0,1,1,0.0,0.0,0.0,0.0,0.0,0.0,2115.0,583.0,496.0,0.0,0.0,0.0,0.0,257.0,7693.0,2508.0,6648.0,1411,6002.0
0,0,0,0,1,1,0.0,0.0,0.0,0.0,0.0,0.0,4285.0,4344.0,1551.0,0.0,0.0,0.0,323.0,511.0,6854.0,5675.0,5933.0,2639,7463.0
0,0,0,0,1,1,0.0,0.0,0.0,0.0,0.0,0.0,6040.0,3219.0,2166.0,0.0,0.0,0.0,971.0,775.0,6625.0,7590.0,5498.0,2378,7180.0
0,0,0,0,1,1,0.0,0.0,0.0,0.0,0.0,0.0,6242.0,3946.0,2286.0,0.0,0.0,0.0,495.0,680.0,6136.0,7122.0,5333.0,3316,7193.0
0,0,0,0,1,1,0.0,0.0,0.0,0.0,0.0,0.0,4898.0,2248.0,1476.0,0.0,0.0,0.0,729.0,618.0,7028.0,7091.0,5799.0,2010,7448.0
0,0,0,0,1,1,0.0,0.0,0.0,0.0,0.0,0.0,2250.0,382.0,319.0,0.0,0.0,0.0,851.0,991.0,6808.0,7446.0,4229.0,1084,6115.0
0,0,0,0,1,1,0.0,0.0,0.0,0.0,0.0,0.0,1360.0,826.0,410.0,0.0,0.0,0.0,0.0,0.0,4801.0,1301.0,4723.0,692,3305.0
0,0,0,0,1,1,0.0,0.0,0.0,0.0,0.0,0.0,2281.0,909.0,639.0,0.0,0.0,0.0,326.0,228.0,6418.0,2254.0,6868.0,793,4979.0
0,0,0,0,1,1,0.0,0.0,0.0,0.0,0.0,0.0,3193.0,672.0,523.0,0.0,0.0,0.0,544.0,459.0,8453.0,1055.0,6567.0,979,6377.0
0,0,0,0,1,1,0.0,0.0,0.0,0.0,0.0,0.0,2076.0,677.0,521.0,0.0,0.0,0.0,0.0,284.0,7506.0,2582.0,6111.0,1326,6236.0
0,0,0,0,1,1,0.0,0.0,0.0,0.0,0.0,0.0,8438.0,2891.0,411.0,0.0,0.0,0.0,4781.0,946.0,6635.0,7593.0,6034.0,3015,7786.0
0,0,0,0,1,1,0.0,0.0,0.0,0.0,0.0,0.0,7396.0,1529.0,292.0,0.0,0.0,0.0,4186.0,1302.0,6546.0,7566.0,5540.0,3067,7261.0
0,0,0,0,1,1,0.0,0.0,0.0,0.0,0.0,0.0,7768.0,8415.0,332.0,0.0,0.0,0.0,7401.0,1394.0,6131.0,7168.0,5051.0,4664,6891.0
0,0,0,0,1,1,0.0,0.0,0.0,0.0,0.0,0.0,5637.0,5886.0,204.0,0.0,0.0,0.0,2822.0,883.0,6863.0,7523.0,5975.0,3390,7110.0
0,0,0,0,1,1,0.0,0.0,0.0,0.0,0.0,0.0,7699.0,2488.0,431.0,0.0,0.0,0.0,3132.0,389.0,6350.0,6470.0,5781.0,2557,7133.0
0,0,0,0,1,1,0.0,0.0,0.0,0.0,0.0,0.0,6518.0,2434.0,0.0,0.0,0.0,0.0,1656.0,246.0,7143.0,3773.0,6193.0,2121,7663.0
0,0,0,0,1,1,0.0,0.0,0.0,0.0,0.0,0.0,8866.0,8078.0,809.0,0.0,0.0,0.0,7887.0,1575.0,5930.0,6732.0,4800.0,5597,6677.0
0,0,0,0,1,1,0.0,0.0,0.0,0.0,0.0,0.0,8259.0,4003.0,441.0,0.0,0.0,0.0,5952.0,1918.0,5776.0,6812.0,5061.0,3561,6973.0
0,0,0,0,1,1,0.0,0.0,0.0,0.0,0.0,0.0,8895.0,8970.0,556.0,0.0,0.0,0.0,7706.0,1370.0,5880.0,6865.0,5093.0,4692,7065.0
0,0,0,0,1,1,0.0,0.0,0.0,0.0,0.0,0.0,7818.0,8300.0,329.0,0.0,0.0,0.0,4794.0,1532.0,6309.0,7450.0,5344.0,3170,7320.0
0,0,0,0,1,1,0.0,0.0,0.0,0.0,0.0,0.0,3113.0,522.0,0.0,0.0,0.0,0.0,1091.0,0.0,8050.0,2110.0,4244.0,1632,7397.0
0,0,0,0,1,1,0.0,0.0,0.0,0.0,0.0,0.0,3128.0,891.0,0.0,0.0,0.0,0.0,688.0,0.0,8339.0,1535.0,3844.0,1605,7263.0
0,0,0,0,1,1,0.0,0.0,0.0,0.0,0.0,0.0,3864.0,1446.0,0.0,0.0,0.0,0.0,1830.0,310.0,8194.0,3384.0,4193.0,1974,7398.0
0,0,0,0,1,1,0.0,0.0,0.0,0.0,0.0,0.0,3015.0,1937.0,0.0,0.0,212.0,0.0,1612.0,463.0,7885.0,3650.0,3442.0,2192,7538.0
0,0,0,0,1,1,0.0,0.0,0.0,0.0,0.0,0.0,4311.0,1139.0,256.0,0.0,0.0,0.0,1875.0,241.0,7030.0,4213.0,5973.0,1851,7426.0
0,0,0,0,1,1,0.0,0.0,0.0,0.0,0.0,0.0,6874.0,2933.0,163.0,0.0,158.0,0.0,1917.0,229.0,6900.0,3877.0,5675.0,2278,7559.0
0,0,0,0,1,1,0.0,0.0,0.0,0.0,0.0,0.0,3982.0,2270.0,1247.0,0.0,196.0,0.0,278.0,420.0,7375.0,4338.0,6873.0,2254,7923.0
0,0,0,0,1,1,0.0,0.0,0.0,0.0,0.0,0.0,5863.0,2313.0,1627.0,0.0,0.0,0.0,737.0,545.0,7341.0,6970.0,5753.0,2855,6972.0
0,0,0,0,1,1,0.0,0.0,0.0,0.0,0.0,0.0,3508.0,2194.0,1110.0,0.0,0.0,0.0,476.0,731.0,7108.0,7568.0,6205.0,2074,7511.0
0,0,0,0,1,1,0.0,0.0,0.0,0.0,0.0,0.0,3602.0,4290.0,963.0,0.0,0.0,0.0,879.0,714.0,7242.0,7600.0,6438.0,1612,7498.0
0,0,0,0,1,1,0.0,0.0,0.0,0.0,0.0,0.0,4271.0,1214.0,862.0,0.0,0.0,0.0,1231.0,901.0,7232.0,2234.0,6175.0,2143,7408.0
0,0,0,0,1,1,0.0,0.0,0.0,0.0,0.0,0.0,7537.0,1540.0,982.0,0.0,0.0,0.0,0.0,0.0,4867.0,1223.0,6962.0,1824,7656.0
0,0,0,0,1,1,0.0,0.0,0.0,0.0,0.0,0.0,4846.0,2699.0,1569.0,0.0,0.0,0.0,326.0,526.0,7219.0,5671.0,6086.0,2724,7426.0
0,0,0,0,1,1,0.0,0.0,164.0,0.0,0.0,0.0,7669.0,3722.0,2415.0,0.0,0.0,0.0,537.0,365.0,7364.0,4778.0,5388.0,2836,6876.0
0,0,0,0,1,1,0.0,0.0,0.0,0.0,0.0,0.0,6998.0,4086.0,2216.0,0.0,0.0,0.0,477.0,674.0,6486.0,7301.0,5624.0,3346,7163.0
0,0,0,0,1,1,0.0,0.0,0.0,0.0,0.0,0.0,6148.0,2459.0,1756.0,0.0,0.0,0.0,809.0,612.0,7117.0,7447.0,5775.0,2425,7242.0
0,0,0,0,1,1,0.0,0.0,0.0,0.0,0.0,0.0,1133.0,228.0,196.0,0.0,0.0,0.0,994.0,772.0,7744.0,2013.0,3666.0,941,4938.0
0,0,0,0,1,1,0.0,0.0,0.0,0.0,0.0,0.0,1728.0,1608.0,187.0,0.0,0.0,0.0,0.0,265.0,8041.0,2858.0,3082.0,914,7077.0
0,0,0,0,1,1,0.0,0.0,0.0,0.0,0.0,0.0,1481.0,746.0,414.0,0.0,0.0,0.0,0.0,0.0,5036.0,1487.0,4604.0,922,5318.0
0,0,0,0,1,1,0.0,0.0,0.0,0.0,0.0,0.0,1758.0,595.0,406.0,0.0,0.0,0.0,1525.0,1279.0,6834.0,7370.0,4130.0,1272,7597.0
0,0,0,0,1,1,0.0,0.0,0.0,0.0,0.0,0.0,2209.0,611.0,476.0,0.0,0.0,0.0,630.0,517.0,8255.0,1347.0,6603.0,1463,6892.0
0,0,0,0,1,1,0.0,0.0,0.0,0.0,0.0,0.0,4884.0,1001.0,639.0,0.0,0.0,0.0,0.0,275.0,7807.0,2785.0,6301.0,1359,7683.0
0,0,0,1,1,0,241.0,0.0,0.0,4623.0,7725.0,0.0,0.0,0.0,0.0,0.0,0.0,0.0,1569.0,397.0,7859.0,3529.0,0.0,1941,7774.0
0,0,0,1,1,0,565.0,0.0,0.0,3450.0,5744.0,0.0,236.0,0.0,0.0,0.0,0.0,0.0,1793.0,295.0,5820.0,3609.0,0.0,1789,7494.0
0,0,0,1,1,0,184.0,0.0,0.0,3590.0,6315.0,0.0,0.0,0.0,0.0,0.0,0.0,0.0,2362.0,571.0,8179.0,5677.0,0.0,1844,7570.0
0,0,0,1,1,0,241.0,0.0,0.0,1569.0,2974.0,0.0,0.0,0.0,0.0,0.0,0.0,0.0,1675.0,300.0,5490.0,3445.0,0.0,1130,6692.0
0,0,0,1,1,0,665.0,0.0,0.0,4985.0,7500.0,0.0,0.0,0.0,0.0,0.0,0.0,0.0,810.0,159.0,2213.0,551.0,0.0,2000,7399.0
0,0,0,1,1,0,162.0,0.0,0.0,3785.0,5253.0,0.0,565.0,0.0,0.0,0.0,0.0,0.0,1188.0,0.0,1921.0,1323.0,0.0,463,6593.0
0,0,0,1,1,0,284.0,0.0,0.0,5928.0,8414.0,0.0,0.0,0.0,0.0,0.0,0.0,0.0,973.0,234.0,5634.0,2454.0,0.0,2273,7076.0
0,0,0,1,1,0,727.0,0.0,0.0,5489.0,7607.0,0.0,363.0,0.0,0.0,0.0,0.0,0.0,1435.0,237.0,4496.0,2787.0,0.0,2228,7048.0
0,0,0,1,1,0,487.0,0.0,0.0,8263.0,8812.0,0.0,0.0,0.0,0.0,0.0,0.0,0.0,401.0,0.0,1962.0,850.0,0.0,2877,6854.0
0,0,0,1,1,0,510.0,0.0,0.0,3683.0,6664.0,0.0,255.0,0.0,0.0,0.0,0.0,0.0,252.0,0.0,793.0,472.0,0.0,1425,7551.0
0,0,0,1,1,0,0.0,0.0,0.0,1269.0,2086.0,0.0,0.0,0.0,0.0,0.0,0.0,0.0,2356.0,461.0,6614.0,1587.0,0.0,1030,4433.0
0,0,0,1,1,0,0.0,0.0,0.0,1053.0,1488.0,0.0,166.0,0.0,0.0,0.0,0.0,0.0,3592.0,240.0,6100.0,4278.0,0.0,333,2950.0
0,0,0,1,1,0,0.0,0.0,0.0,1281.0,2286.0,0.0,0.0,0.0,0.0,0.0,0.0,0.0,3072.0,722.0,8037.0,7355.0,0.0,1343,6603.0
0,0,0,1,1,0,268.0,0.0,0.0,1098.0,1688.0,0.0,0.0,0.0,0.0,0.0,0.0,0.0,4606.0,729.0,8086.0,7886.0,0.0,1531,7261.0
0,0,0,1,1,0,388.0,0.0,0.0,3154.0,4420.0,0.0,0.0,0.0,0.0,0.0,0.0,0.0,1451.0,296.0,4281.0,1018.0,0.0,1449,7134.0
0,0,0,1,1,0,164.0,0.0,0.0,2998.0,4225.0,0.0,475.0,0.0,0.0,0.0,0.0,0.0,3489.0,274.0,5073.0,3838.0,0.0,444,6424.0
0,0,0,1,1,0,0.0,0.0,0.0,4104.0,2320.0,0.0,0.0,0.0,0.0,0.0,0.0,0.0,153.0,654.0,3595.0,7216.0,0.0,1016,5048.0
0,0,0,1,1,0,0.0,0.0,0.0,3355.0,4330.0,0.0,0.0,0.0,0.0,0.0,0.0,0.0,0.0,222.0,1570.0,3121.0,0.0,563,5515.0
0,0,0,1,1,0,0.0,0.0,0.0,3402.0,1836.0,0.0,0.0,0.0,0.0,0.0,0.0,0.0,219.0,917.0,5491.0,7873.0,0.0,1253,5994.0
0,0,0,1,1,0,0.0,0.0,0.0,2909.0,3747.0,0.0,0.0,0.0,0.0,0.0,0.0,0.0,179.0,391.0,2645.0,5336.0,0.0,728,5976.0
0,0,0,1,1,0,0.0,0.0,0.0,3040.0,3266.0,0.0,0.0,0.0,0.0,0.0,0.0,0.0,0.0,159.0,899.0,1576.0,0.0,386,731.0
0,0,0,1,1,0,0.0,0.0,0.0,2537.0,2589.0,0.0,153.0,0.0,0.0,0.0,0.0,0.0,0.0,0.0,161.0,387.0,0.0,479,636.0
0,0,0,1,1,0,0.0,0.0,0.0,6099.0,3510.0,0.0,0.0,0.0,0.0,0.0,0.0,0.0,0.0,404.0,2637.0,5056.0,0.0,1116,5075.0
0,0,0,1,1,0,0.0,0.0,0.0,6900.0,7466.0,0.0,0.0,0.0,0.0,0.0,0.0,0.0,0.0,250.0,1631.0,3390.0,0.0,805,7325.0
0,0,0,1,1,0,0.0,0.0,0.0,8113.0,5457.0,0.0,0.0,0.0,0.0,0.0,0.0,0.0,0.0,0.0,958.0,1822.0,0.0,1075,4876.0
0,0,0,1,1,0,0.0,0.0,0.0,4739.0,6383.0,0.0,0.0,0.0,0.0,0.0,0.0,0.0,0.0,0.0,331.0,663.0,0.0,443,6132.0
0,0,0,1,1,0,0.0,0.0,0.0,582.0,592.0,0.0,0.0,0.0,0.0,0.0,0.0,0.0,0.0,389.0,2369.0,4061.0,0.0,522,966.0
0,0,0,1,1,0,0.0,0.0,0.0,665.0,782.0,0.0,0.0,0.0,0.0,0.0,0.0,0.0,0.0,0.0,427.0,1080.0,0.0,198,392.0
0,0,0,1,1,0,0.0,0.0,0.0,1237.0,593.0,0.0,0.0,0.0,0.0,0.0,0.0,0.0,313.0,1283.0,7735.0,7528.0,0.0,1350,6566.0
0,0,0,1,1,0,0.0,0.0,0.0,1454.0,1729.0,0.0,0.0,0.0,0.0,0.0,0.0,0.0,319.0,675.0,4456.0,8294.0,0.0,927,6128.0
0,0,0,1,1,0,0.0,0.0,0.0,1372.0,1356.0,0.0,0.0,0.0,0.0,0.0,0.0,0.0,0.0,230.0,1362.0,2356.0,0.0,375,671.0
0,0,0,1,1,0,0.0,0.0,0.0,2364.0,2351.0,0.0,156.0,0.0,0.0,0.0,0.0,0.0,0.0,167.0,443.0,1151.0,0.0,502,809.0
0,0,0,1,1,0,209.0,0.0,0.0,4322.0,7411.0,0.0,0.0,0.0,0.0,0.0,0.0,0.0,1478.0,348.0,6754.0,2972.0,0.0,4019,7317.0
0,0,0,1,1,0,592.0,0.0,0.0,3926.0,5997.0,0.0,528.0,0.0,0.0,0.0,456.0,0.0,2121.0,335.0,6167.0,3737.0,0.0,4594,6666.0
0,0,0,1,1,0,171.0,0.0,0.0,3861.0,6947.0,0.0,0.0,0.0,0.0,0.0,0.0,0.0,2801.0,615.0,7998.0,5714.0,205.0,5266,6773.0
0,0,0,1,1,0,417.0,0.0,0.0,2420.0,3590.0,0.0,502.0,0.0,0.0,0.0,583.0,0.0,4595.0,715.0,7896.0,7387.0,165.0,5405,6881.0
0,0,0,1,1,0,717.0,0.0,0.0,6061.0,7762.0,0.0,0.0,0.0,0.0,0.0,0.0,0.0,981.0,176.0,2256.0,502.0,0.0,3154,7048.0
0,0,0,1,1,0,227.0,0.0,0.0,4590.0,6425.0,0.0,715.0,0.0,0.0,0.0,0.0,0.0,1583.0,0.0,2131.0,1519.0,0.0,1248,7681.0
0,0,0,1,1,0,304.0,0.0,0.0,6500.0,8412.0,0.0,0.0,0.0,0.0,0.0,0.0,0.0,1008.0,234.0,5293.0,2312.0,0.0,4190,6900.0
0,0,0,1,1,0,953.0,0.0,0.0,6912.0,8153.0,0.0,703.0,0.0,0.0,0.0,433.0,0.0,1799.0,290.0,4731.0,3037.0,0.0,4796,6777.0
0,0,0,1,1,0,509.0,0.0,0.0,8331.0,8736.0,0.0,0.0,0.0,0.0,0.0,0.0,0.0,377.0,0.0,1621.0,672.0,0.0,3661,6626.0
0,0,0,1,1,0,569.0,0.0,0.0,4121.0,7318.0,0.0,337.0,0.0,0.0,0.0,0.0,0.0,305.0,0.0,836.0,483.0,0.0,2061,7288.0
0,0,0,1,1,0,0.0,0.0,0.0,1383.0,2223.0,0.0,0.0,0.0,0.0,0.0,0.0,0.0,2244.0,419.0,5741.0,1319.0,0.0,1709,7313.0
0,0,0,1,1,0,0.0,0.0,0.0,1131.0,1694.0,0.0,171.0,0.0,0.0,0.0,0.0,0.0,1879.0,409.0,8544.0,3931.0,0.0,1125,6664.0
0,0,0,1,1,0,0.0,0.0,0.0,913.0,1493.0,0.0,978.0,0.0,0.0,0.0,0.0,0.0,2557.0,545.0,8295.0,5176.0,166.0,5872,6785.0
0,0,0,1,1,0,329.0,0.0,0.0,1285.0,1956.0,0.0,773.0,0.0,0.0,0.0,1153.0,0.0,5454.0,771.0,7974.0,7200.0,226.0,6321,6789.0
0,0,0,1,1,0,333.0,0.0,0.0,2659.0,3841.0,0.0,0.0,0.0,0.0,0.0,0.0,0.0,1251.0,245.0,3383.0,787.0,0.0,1774,7336.0
0,0,0,1,1,0,194.0,0.0,0.0,3516.0,4922.0,0.0,565.0,0.0,0.0,0.0,0.0,0.0,4080.0,290.0,5283.0,3957.0,0.0,998,7579.0
0,0,0,1,1,0,0.0,0.0,0.0,4021.0,2233.0,0.0,0.0,0.0,0.0,0.0,153.0,0.0,0.0,560.0,2979.0,5857.0,0.0,1876,7802.0
0,0,0,1,1,0,0.0,0.0,0.0,5017.0,5897.0,0.0,0.0,0.0,0.0,0.0,0.0,0.0,165.0,342.0,2210.0,4857.0,0.0,1395,7375.0
0,0,0,1,1,0,0.0,0.0,0.0,3880.0,2107.0,0.0,0.0,0.0,0.0,0.0,0.0,0.0,251.0,1043.0,5705.0,7539.0,0.0,1957,7498.0
0,0,0,1,1,0,0.0,0.0,0.0,4092.0,4897.0,0.0,0.0,0.0,0.0,0.0,0.0,0.0,276.0,579.0,3530.0,7410.0,0.0,1182,7391.0
0,0,0,1,1,0,0.0,0.0,0.0,2989.0,3151.0,0.0,0.0,0.0,0.0,0.0,0.0,0.0,0.0,0.0,748.0,1353.0,0.0,1126,6726.0
0,0,0,1,1,0,0.0,0.0,0.0,3565.0,3480.0,0.0,217.0,0.0,0.0,0.0,0.0,0.0,0.0,0.0,153.0,430.0,0.0,811,3092.0
0,0,0,1,1,0,0.0,0.0,0.0,6956.0,4000.0,0.0,0.0,0.0,0.0,0.0,0.0,0.0,0.0,450.0,2736.0,5354.0,0.0,1878,7354.0
0,0,0,1,1,0,0.0,0.0,0.0,7961.0,8082.0,0.0,0.0,0.0,0.0,0.0,0.0,0.0,159.0,350.0,1977.0,4352.0,0.0,1176,7199.0
0,0,0,1,1,0,0.0,0.0,0.0,8972.0,6614.0,0.0,0.0,0.0,0.0,0.0,0.0,0.0,0.0,0.0,1028.0,2039.0,0.0,2074,7388.0
0,0,0,1,1,0,0.0,0.0,0.0,5524.0,7196.0,0.0,0.0,0.0,0.0,0.0,0.0,0.0,0.0,0.0,290.0,630.0,0.0,619,7325.0
0,0,0,1,1,0,0.0,0.0,0.0,942.0,887.0,0.0,0.0,0.0,0.0,0.0,0.0,0.0,0.0,490.0,2797.0,4821.0,0.0,1385,7161.0
0,0,0,1,1,0,0.0,0.0,0.0,1324.0,630.0,0.0,0.0,0.0,0.0,0.0,0.0,0.0,347.0,1351.0,7695.0,7396.0,0.0,2078,7564.0
0,0,0,1,1,0,0.0,0.0,0.0,1552.0,1827.0,0.0,0.0,0.0,0.0,0.0,0.0,0.0,374.0,755.0,4627.0,8042.0,0.0,1216,7395.0
0,0,0,1,1,0,0.0,0.0,0.0,1591.0,1508.0,0.0,0.0,0.0,0.0,0.0,0.0,0.0,0.0,249.0,1400.0,2479.0,0.0,928,4672.0
0,0,0,1,1,0,0.0,0.0,0.0,1923.0,1952.0,0.0,0.0,0.0,0.0,0.0,0.0,0.0,0.0,287.0,709.0,1925.0,0.0,653,2788.0
0,0,0,1,0,1,0.0,0.0,360.0,3737.0,3800.0,0.0,9052.0,789.0,4490.0,0.0,0.0,0.0,0.0,0.0,0.0,0.0,7272.0,7387,7317.0
0,0,0,1,0,1,0.0,0.0,233.0,4007.0,3012.0,0.0,8778.0,1752.0,7546.0,0.0,0.0,0.0,0.0,0.0,0.0,0.0,6997.0,7124,7106.0
0,0,0,1,0,1,0.0,0.0,265.0,5435.0,5549.0,0.0,8626.0,633.0,3280.0,0.0,0.0,0.0,0.0,0.0,0.0,0.0,7034.0,7105,6937.0
0,0,0,1,0,1,0.0,0.0,0.0,3790.0,3352.0,0.0,6346.0,903.0,3475.0,0.0,0.0,0.0,0.0,0.0,0.0,0.0,5809.0,7070,7082.0
0,0,0,1,0,1,0.0,0.0,703.0,1031.0,912.0,0.0,8937.0,3624.0,7807.0,0.0,0.0,0.0,0.0,0.0,0.0,0.0,6479.0,6778,6992.0
0,0,0,1,0,1,0.0,0.0,0.0,967.0,1365.0,0.0,7774.0,1180.0,3757.0,0.0,0.0,0.0,0.0,0.0,0.0,0.0,5756.0,7094,7796.0
0,0,0,1,0,1,0.0,0.0,672.0,3070.0,3057.0,0.0,0.0,1173.0,7496.0,0.0,0.0,0.0,0.0,0.0,0.0,0.0,5924.0,6671,7054.0
0,0,0,1,0,1,0.0,0.0,390.0,3124.0,2208.0,0.0,8958.0,3235.0,9124.0,0.0,0.0,0.0,0.0,0.0,0.0,0.0,6271.0,6698,6828.0
0,0,0,1,0,1,0.0,0.0,1049.0,1498.0,1458.0,0.0,8528.0,2028.0,9256.0,0.0,0.0,0.0,0.0,0.0,0.0,0.0,5651.0,6090,6999.0
0,0,0,1,0,1,0.0,0.0,348.0,995.0,660.0,0.0,9015.0,2340.0,8889.0,0.0,0.0,0.0,0.0,0.0,0.0,0.0,6825.0,7142,6854.0
0,0,0,1,0,1,0.0,0.0,183.0,3043.0,2956.0,0.0,6257.0,958.0,2295.0,0.0,0.0,0.0,0.0,0.0,0.0,0.0,4825.0,6531,7469.0
0,0,0,1,0,1,0.0,0.0,0.0,1908.0,3222.0,0.0,2137.0,328.0,886.0,0.0,0.0,0.0,0.0,0.0,0.0,0.0,1464.0,3073,4815.0
0,0,0,1,0,1,0.0,0.0,0.0,7344.0,7422.0,0.0,4351.0,358.0,1248.0,0.0,0.0,0.0,0.0,0.0,0.0,0.0,3465.0,6971,7243.0
0,0,0,1,0,1,0.0,0.0,0.0,7019.0,5714.0,0.0,3841.0,544.0,2098.0,0.0,0.0,0.0,0.0,0.0,0.0,0.0,2592.0,6787,6873.0
0,0,0,1,0,1,0.0,0.0,424.0,1755.0,1462.0,0.0,8511.0,1981.0,4715.0,0.0,0.0,0.0,0.0,0.0,0.0,0.0,6925.0,6963,7487.0
0,0,0,1,0,1,0.0,0.0,0.0,2305.0,3359.0,0.0,6952.0,1282.0,3428.0,0.0,0.0,0.0,0.0,0.0,0.0,0.0,4291.0,6370,7648.0
0,0,0,1,0,1,0.0,0.0,0.0,5575.0,2745.0,0.0,1601.0,1137.0,587.0,0.0,0.0,0.0,0.0,0.0,0.0,433.0,181.0,1810,7785.0
0,0,0,1,0,1,0.0,0.0,0.0,7700.0,1376.0,0.0,5047.0,2282.0,1086.0,0.0,0.0,0.0,0.0,0.0,0.0,0.0,6815.0,1797,7338.0
0,0,0,1,0,1,0.0,0.0,0.0,9001.0,5825.0,0.0,1743.0,1562.0,653.0,0.0,0.0,0.0,0.0,0.0,0.0,955.0,172.0,2233,7207.0
0,0,0,1,0,1,0.0,0.0,0.0,8118.0,1754.0,0.0,2920.0,1286.0,584.0,0.0,0.0,0.0,0.0,0.0,0.0,0.0,7036.0,1296,5766.0
0,0,0,1,0,1,0.0,0.0,0.0,669.0,313.0,0.0,8626.0,2470.0,529.0,0.0,0.0,0.0,0.0,0.0,0.0,0.0,6486.0,1708,7386.0
0,0,0,1,0,1,0.0,0.0,0.0,451.0,0.0,0.0,7075.0,1261.0,897.0,0.0,0.0,0.0,0.0,0.0,0.0,0.0,7305.0,1353,7597.0
0,0,0,1,0,1,0.0,0.0,0.0,6013.0,2774.0,0.0,3441.0,2794.0,1316.0,0.0,0.0,0.0,0.0,0.0,0.0,475.0,424.0,3214,7066.0
0,0,0,1,0,1,0.0,0.0,0.0,6291.0,1008.0,0.0,7967.0,6106.0,3076.0,0.0,0.0,0.0,0.0,0.0,0.0,0.0,5540.0,3591,6964.0
0,0,0,1,0,1,0.0,0.0,0.0,1878.0,846.0,0.0,3928.0,2825.0,1387.0,0.0,0.0,0.0,0.0,0.0,0.0,0.0,461.0,2865,7381.0
0,0,0,1,0,1,0.0,0.0,0.0,1452.0,210.0,0.0,6746.0,3723.0,2127.0,0.0,0.0,0.0,0.0,0.0,0.0,0.0,6294.0,2855,7499.0
0,0,0,1,0,1,0.0,0.0,273.0,1958.0,968.0,0.0,2770.0,500.0,0.0,0.0,0.0,0.0,0.0,0.0,0.0,0.0,3463.0,727,2863.0
0,0,0,1,0,1,0.0,0.0,0.0,3571.0,739.0,0.0,2404.0,375.0,289.0,0.0,0.0,0.0,0.0,0.0,0.0,0.0,4183.0,618,3605.0
0,0,0,1,0,1,0.0,0.0,0.0,9166.0,6083.0,0.0,470.0,358.0,169.0,0.0,0.0,0.0,0.0,0.0,0.0,1083.0,0.0,1803,7556.0
0,0,0,1,0,1,0.0,0.0,0.0,9181.0,2824.0,0.0,1311.0,641.0,259.0,0.0,0.0,0.0,0.0,0.0,0.0,0.0,2829.0,997,4598.0
0,0,0,1,0,1,0.0,0.0,165.0,1220.0,492.0,0.0,5151.0,1162.0,266.0,0.0,0.0,0.0,0.0,0.0,0.0,0.0,6818.0,1133,5349.0
0,0,0,1,0,1,0.0,0.0,0.0,2406.0,448.0,0.0,5604.0,1147.0,735.0,0.0,0.0,0.0,0.0,0.0,0.0,0.0,6627.0,1018,7174.0
0,0,0,1,0,1,0.0,0.0,298.0,2980.0,2970.0,0.0,8801.0,720.0,3749.0,0.0,0.0,0.0,0.0,0.0,0.0,0.0,7290.0,7278,7240.0
0,0,0,1,0,1,0.0,0.0,173.0,3096.0,2226.0,0.0,8249.0,1357.0,5569.0,0.0,458.0,0.0,0.0,0.0,0.0,0.0,6888.0,7019,6803.0
0,0,0,1,0,1,0.0,0.0,187.0,3725.0,3775.0,0.0,7686.0,488.0,2328.0,0.0,0.0,0.0,0.0,0.0,0.0,0.0,6796.0,7013,6854.0
0,0,0,1,0,1,0.0,0.0,0.0,3781.0,2851.0,0.0,6484.0,822.0,3550.0,0.0,565.0,0.0,0.0,0.0,0.0,0.0,5241.0,7038,6783.0
0,0,0,1,0,1,0.0,0.0,565.0,744.0,627.0,0.0,8996.0,2949.0,6363.0,0.0,0.0,0.0,0.0,0.0,0.0,0.0,6820.0,6894,6891.0
0,0,0,1,0,1,0.0,0.0,0.0,709.0,969.0,0.0,6580.0,1015.0,3057.0,0.0,0.0,0.0,0.0,0.0,0.0,0.0,4661.0,6485,7828.0
0,0,0,1,0,1,0.0,0.0,613.0,2777.0,2559.0,0.0,0.0,1208.0,7026.0,0.0,0.0,0.0,0.0,0.0,0.0,0.0,6154.0,6624,6626.0
0,0,0,1,0,1,0.0,0.0,280.0,2348.0,1567.0,0.0,8945.0,2358.0,8069.0,0.0,372.0,0.0,0.0,0.0,0.0,0.0,6862.0,6832,6780.0
0,0,0,1,0,1,0.0,0.0,721.0,1328.0,1262.0,0.0,8775.0,1334.0,8129.0,0.0,0.0,0.0,0.0,0.0,0.0,0.0,5854.0,6659,6726.0
0,0,0,1,0,1,0.0,0.0,271.0,754.0,494.0,0.0,8982.0,1916.0,7894.0,0.0,0.0,0.0,0.0,0.0,2635.0,0.0,7148.0,7353,6920.0
0,0,0,1,0,1,0.0,0.0,0.0,2330.0,2258.0,0.0,4234.0,669.0,1550.0,0.0,0.0,0.0,0.0,0.0,0.0,0.0,3248.0,5702,7554.0
0,0,0,1,0,1,0.0,0.0,0.0,2153.0,3405.0,0.0,1836.0,0.0,789.0,0.0,0.0,0.0,0.0,0.0,0.0,0.0,1309.0,3435,7245.0
0,0,0,1,0,1,0.0,0.0,0.0,5190.0,5431.0,0.0,3241.0,296.0,929.0,0.0,0.0,0.0,0.0,0.0,0.0,0.0,2213.0,6680,6762.0
0,0,0,1,0,1,0.0,0.0,0.0,4887.0,3885.0,0.0,3037.0,389.0,1428.0,0.0,867.0,0.0,0.0,0.0,0.0,0.0,1695.0,6744,6760.0
0,0,0,1,0,1,0.0,0.0,355.0,1537.0,1219.0,0.0,8059.0,1685.0,3879.0,0.0,0.0,0.0,0.0,0.0,0.0,0.0,6839.0,6773,7327.0
0,0,0,1,0,1,0.0,0.0,0.0,1918.0,2764.0,0.0,5406.0,973.0,2643.0,0.0,0.0,0.0,0.0,0.0,0.0,0.0,3382.0,5759,7550.0
0,0,0,1,0,1,0.0,0.0,0.0,4585.0,2261.0,0.0,1367.0,1047.0,486.0,0.0,0.0,0.0,0.0,0.0,0.0,487.0,186.0,2586,7568.0
0,0,0,1,0,1,0.0,0.0,0.0,7313.0,1284.0,0.0,4552.0,2175.0,990.0,0.0,0.0,0.0,0.0,0.0,0.0,0.0,6984.0,2104,7499.0
0,0,0,1,0,1,0.0,0.0,0.0,7511.0,3749.0,0.0,1093.0,917.0,397.0,0.0,0.0,0.0,0.0,0.0,0.0,674.0,0.0,2170,7434.0
0,0,0,1,0,1,0.0,0.0,0.0,8122.0,1777.0,0.0,2924.0,1301.0,586.0,0.0,0.0,0.0,0.0,0.0,0.0,0.0,7035.0,1486,7174.0
0,0,0,1,0,1,0.0,0.0,0.0,455.0,193.0,0.0,8095.0,2081.0,429.0,0.0,0.0,0.0,0.0,0.0,0.0,0.0,6837.0,2055,7508.0
0,0,0,1,0,1,0.0,0.0,0.0,952.0,0.0,0.0,4134.0,968.0,702.0,0.0,0.0,0.0,0.0,0.0,0.0,0.0,7201.0,1759,7527.0
0,0,0,1,0,1,0.0,0.0,0.0,4378.0,2023.0,0.0,2434.0,1866.0,904.0,0.0,0.0,0.0,0.0,0.0,0.0,427.0,310.0,2941,7077.0
0,0,0,1,0,1,0.0,0.0,0.0,5915.0,951.0,0.0,7341.0,4111.0,1733.0,0.0,0.0,0.0,0.0,0.0,0.0,0.0,6138.0,2435,7408.0
0,0,0,1,0,1,0.0,0.0,0.0,1832.0,812.0,0.0,3477.0,2459.0,1224.0,0.0,0.0,0.0,0.0,0.0,0.0,165.0,374.0,3139,7284.0
0,0,0,1,0,1,0.0,0.0,0.0,967.0,171.0,0.0,4467.0,2679.0,1332.0,0.0,0.0,0.0,0.0,0.0,0.0,0.0,6886.0,2047,7486.0
0,0,0,1,0,1,0.0,0.0,264.0,1883.0,964.0,0.0,2887.0,583.0,0.0,0.0,0.0,0.0,0.0,0.0,0.0,0.0,3350.0,1318,7184.0
0,0,0,1,0,1,0.0,0.0,0.0,2478.0,579.0,0.0,1624.0,0.0,186.0,0.0,0.0,0.0,0.0,0.0,0.0,0.0,3072.0,619,3963.0
0,0,0,1,0,1,0.0,0.0,0.0,8592.0,4956.0,0.0,420.0,372.0,0.0,0.0,0.0,0.0,0.0,0.0,0.0,891.0,0.0,2038,7422.0
0,0,0,1,0,1,0.0,0.0,0.0,8948.0,2157.0,0.0,3458.0,1059.0,530.0,0.0,0.0,0.0,0.0,0.0,0.0,0.0,6491.0,1410,7299.0
0,0,0,1,0,1,0.0,0.0,156.0,1137.0,432.0,0.0,4688.0,1102.0,238.0,0.0,0.0,0.0,0.0,0.0,0.0,0.0,6508.0,1449,7208.0
0,0,0,1,0,1,0.0,0.0,0.0,2125.0,404.0,0.0,4868.0,983.0,635.0,0.0,0.0,0.0,0.0,0.0,0.0,0.0,6584.0,1065,7257.0
1,0,1,0,0,0,6495.0,8204.0,1007.0,0.0,7537.0,7940.0,7189.0,0.0,170.0,0.0,0.0,0.0,239.0,0.0,0.0,3847.0,5386.0,7247,6452.0
1,0,1,0,0,0,8140.0,8666.0,394.0,0.0,8000.0,7745.0,6388.0,0.0,0.0,0.0,0.0,0.0,0.0,0.0,0.0,5050.0,1756.0,4964,7337.0
1,0,1,0,0,0,5939.0,7879.0,1410.0,0.0,7168.0,7554.0,5677.0,0.0,0.0,0.0,0.0,0.0,188.0,0.0,0.0,3254.0,6325.0,6725,6476.0
1,0,1,0,0,0,7716.0,9128.0,373.0,0.0,7713.0,7321.0,5808.0,0.0,0.0,0.0,0.0,0.0,0.0,0.0,0.0,4426.0,2601.0,6462,6922.0
1,0,1,0,0,0,7363.0,5822.0,278.0,0.0,8115.0,7191.0,8797.0,0.0,299.0,0.0,0.0,0.0,429.0,0.0,0.0,6550.0,262.0,4460,6597.0
1,0,1,0,0,0,7660.0,4718.0,0.0,0.0,8000.0,6634.0,7014.0,0.0,0.0,0.0,0.0,0.0,0.0,0.0,0.0,1746.0,951.0,2545,7366.0
1,0,1,0,0,0,7824.0,8914.0,518.0,0.0,7685.0,7519.0,4328.0,0.0,0.0,0.0,0.0,0.0,207.0,0.0,0.0,3651.0,3773.0,7106,6561.0
1,0,1,0,0,0,7968.0,7678.0,613.0,0.0,8594.0,7767.0,8197.0,0.0,0.0,0.0,0.0,0.0,0.0,0.0,0.0,7478.0,1313.0,5020,6574.0
1,0,1,0,0,0,3884.0,1685.0,471.0,0.0,8736.0,7615.0,8209.0,0.0,0.0,0.0,0.0,0.0,0.0,0.0,0.0,6983.0,277.0,2799,7041.0
1,0,1,0,0,0,5567.0,8702.0,553.0,0.0,0.0,155.0,0.0,0.0,0.0,0.0,0.0,0.0,0.0,0.0,0.0,315.0,1179.0,5233,7179.0
1,0,1,0,0,0,5671.0,8864.0,525.0,0.0,2566.0,1699.0,1901.0,0.0,0.0,0.0,0.0,0.0,0.0,0.0,0.0,637.0,3588.0,4635,7436.0
1,0,1,0,0,0,7494.0,8548.0,745.0,0.0,370.0,703.0,317.0,0.0,0.0,0.0,0.0,0.0,0.0,0.0,0.0,349.0,5428.0,7267,7110.0
1,0,1,0,0,0,7916.0,9021.0,0.0,0.0,2577.0,2266.0,1825.0,0.0,0.0,0.0,0.0,0.0,0.0,0.0,0.0,1517.0,2708.0,5397,7525.0
1,0,1,0,0,0,6247.0,8747.0,427.0,0.0,8281.0,7656.0,6388.0,0.0,162.0,0.0,0.0,0.0,224.0,0.0,0.0,3999.0,635.0,4919,6748.0
1,0,1,0,0,0,6406.0,8654.0,366.0,0.0,6462.0,4262.0,4281.0,0.0,0.0,0.0,0.0,0.0,0.0,0.0,0.0,1304.0,2337.0,3734,7286.0
1,0,1,0,0,0,7066.0,5138.0,1350.0,0.0,3350.0,0.0,0.0,0.0,0.0,0.0,0.0,0.0,0.0,0.0,0.0,6964.0,0.0,4999,7192.0
1,0,1,0,0,0,6618.0,4257.0,1030.0,0.0,5160.0,0.0,0.0,0.0,0.0,0.0,0.0,0.0,0.0,0.0,0.0,6002.0,0.0,5261,7049.0
1,0,1,0,0,0,6181.0,7967.0,2394.0,0.0,3172.0,0.0,0.0,0.0,0.0,0.0,0.0,0.0,0.0,0.0,0.0,6387.0,0.0,7052,7402.0
1,0,1,0,0,0,5873.0,6401.0,1465.0,0.0,3697.0,0.0,0.0,0.0,0.0,0.0,0.0,0.0,0.0,0.0,0.0,6383.0,0.0,6940,7376.0
1,0,1,0,0,0,7924.0,1538.0,0.0,0.0,4128.0,0.0,0.0,0.0,0.0,0.0,0.0,0.0,0.0,0.0,0.0,487.0,0.0,1190,2664.0
1,0,1,0,0,0,6914.0,5029.0,1522.0,0.0,2385.0,0.0,0.0,0.0,0.0,0.0,0.0,0.0,0.0,0.0,0.0,6984.0,0.0,5846,7094.0
1,0,1,0,0,0,7525.0,2818.0,683.0,0.0,3644.0,0.0,0.0,0.0,0.0,0.0,0.0,0.0,0.0,0.0,0.0,3928.0,0.0,3689,4984.0
1,0,1,0,0,0,6434.0,5710.0,1592.0,0.0,3311.0,0.0,0.0,0.0,0.0,0.0,0.0,0.0,0.0,0.0,0.0,6639.0,0.0,6091,7163.0
1,0,1,0,0,0,8187.0,979.0,237.0,0.0,6527.0,0.0,0.0,0.0,0.0,0.0,0.0,0.0,0.0,0.0,0.0,1311.0,0.0,1530,2060.0
1,0,1,0,0,0,5699.0,5053.0,369.0,0.0,703.0,0.0,0.0,0.0,0.0,0.0,0.0,0.0,0.0,0.0,0.0,5411.0,0.0,4503,6902.0
1,0,1,0,0,0,6512.0,4676.0,214.0,0.0,574.0,0.0,0.0,0.0,0.0,0.0,0.0,0.0,0.0,0.0,0.0,1916.0,0.0,3665,7138.0
1,0,1,0,0,0,6631.0,6202.0,1729.0,0.0,3291.0,0.0,0.0,0.0,0.0,0.0,0.0,0.0,0.0,0.0,0.0,6758.0,0.0,5474,7235.0
1,0,1,0,0,0,6796.0,5938.0,1665.0,0.0,4342.0,0.0,0.0,0.0,0.0,0.0,0.0,0.0,0.0,0.0,0.0,6764.0,0.0,5318,7151.0
1,0,1,0,0,0,7110.0,3443.0,154.0,0.0,2255.0,0.0,0.0,0.0,0.0,0.0,0.0,0.0,0.0,0.0,0.0,1316.0,0.0,2465,5652.0
1,0,1,0,0,0,8029.0,8173.0,367.0,0.0,8018.0,7239.0,6146.0,0.0,0.0,0.0,0.0,0.0,0.0,0.0,0.0,4668.0,1391.0,4984,6661.0
1,0,1,0,0,0,8141.0,8166.0,306.0,0.0,7371.0,6326.0,5038.0,0.0,0.0,0.0,0.0,0.0,0.0,0.0,0.0,3976.0,1475.0,4485,7020.0
1,0,1,0,0,0,7767.0,4822.0,565.0,0.0,8578.0,7777.0,8027.0,0.0,0.0,0.0,0.0,0.0,0.0,0.0,0.0,5743.0,861.0,3287,7157.0
1,0,1,0,0,0,8136.0,5889.0,406.0,0.0,8253.0,7390.0,6874.0,0.0,0.0,0.0,0.0,0.0,0.0,0.0,0.0,5558.0,964.0,4038,6706.0
1,0,1,0,0,0,5487.0,2392.0,565.0,0.0,8578.0,7733.0,8150.0,0.0,0.0,0.0,0.0,0.0,0.0,0.0,0.0,7578.0,385.0,3660,6615.0
1,0,1,0,0,0,6842.0,8553.0,579.0,0.0,7993.0,6421.0,5556.0,0.0,0.0,0.0,0.0,0.0,0.0,0.0,0.0,3988.0,1867.0,3876,7055.0
1,0,1,0,0,0,7339.0,4354.0,1222.0,0.0,2199.0,0.0,0.0,0.0,0.0,0.0,0.0,0.0,0.0,0.0,0.0,7079.0,0.0,4745,7522.0
1,0,1,0,0,0,6642.0,3999.0,984.0,0.0,4352.0,0.0,508.0,0.0,0.0,0.0,0.0,0.0,0.0,0.0,0.0,5907.0,0.0,5348,7056.0
1,0,1,0,0,0,6127.0,8048.0,2595.0,0.0,2472.0,0.0,0.0,0.0,0.0,0.0,0.0,0.0,0.0,0.0,0.0,6407.0,0.0,7090,7401.0
1,0,1,0,0,0,5867.0,5960.0,1418.0,0.0,2653.0,0.0,225.0,0.0,0.0,0.0,0.0,0.0,0.0,0.0,0.0,6466.0,0.0,6953,7380.0
1,0,1,0,0,0,7385.0,1543.0,153.0,0.0,3717.0,0.0,0.0,0.0,0.0,0.0,0.0,0.0,0.0,0.0,0.0,1779.0,0.0,1787,4570.0
1,0,1,0,0,0,8065.0,1165.0,0.0,0.0,2195.0,0.0,169.0,0.0,0.0,0.0,0.0,0.0,0.0,0.0,0.0,626.0,0.0,1445,6563.0
1,0,1,0,0,0,7619.0,3357.0,1056.0,0.0,3607.0,0.0,0.0,0.0,0.0,0.0,0.0,0.0,0.0,0.0,0.0,7030.0,0.0,4035,7140.0
1,0,1,0,0,0,7473.0,2336.0,580.0,0.0,4869.0,0.0,179.0,0.0,0.0,0.0,0.0,0.0,0.0,0.0,0.0,3347.0,0.0,3457,7238.0
1,0,1,0,0,0,7527.0,2040.0,579.0,0.0,7550.0,0.0,0.0,0.0,0.0,0.0,0.0,0.0,0.0,0.0,0.0,3663.0,0.0,2434,5265.0
1,0,1,0,0,0,7918.0,837.0,210.0,0.0,5390.0,0.0,192.0,0.0,0.0,0.0,0.0,0.0,0.0,0.0,0.0,1386.0,0.0,1772,6664.0
1,0,1,0,0,0,5466.0,5269.0,419.0,0.0,687.0,0.0,0.0,0.0,0.0,0.0,0.0,0.0,0.0,0.0,0.0,5740.0,0.0,4701,7284.0
1,0,1,0,0,0,6457.0,3911.0,196.0,0.0,479.0,0.0,169.0,0.0,0.0,0.0,0.0,0.0,0.0,0.0,0.0,1882.0,0.0,3606,7430.0
1,0,1,0,0,0,5439.0,7615.0,1824.0,0.0,526.0,0.0,272.0,0.0,0.0,0.0,0.0,0.0,0.0,0.0,0.0,6288.0,0.0,7103,7121.0
1,0,1,0,0,0,6505.0,3086.0,280.0,0.0,4225.0,0.0,0.0,0.0,0.0,0.0,0.0,0.0,0.0,0.0,0.0,3801.0,0.0,3163,6392.0
1,0,1,0,0,0,7253.0,2924.0,0.0,0.0,2044.0,0.0,172.0,0.0,0.0,0.0,0.0,0.0,0.0,0.0,0.0,1338.0,0.0,2469,7268.0
0,0,1,1,0,0,190.0,0.0,0.0,8841.0,7932.0,1301.0,403.0,0.0,0.0,0.0,0.0,0.0,0.0,0.0,0.0,249.0,298.0,6835,6748.0
0,0,1,1,0,0,173.0,0.0,0.0,8891.0,7754.0,1384.0,0.0,0.0,0.0,0.0,0.0,0.0,0.0,0.0,0.0,1723.0,0.0,7151,6539.0
0,0,1,1,0,0,289.0,0.0,0.0,8254.0,7623.0,1649.0,328.0,0.0,0.0,0.0,0.0,0.0,0.0,0.0,0.0,166.0,439.0,6876,6265.0
0,0,1,1,0,0,0.0,0.0,0.0,8622.0,8048.0,865.0,0.0,0.0,0.0,0.0,0.0,0.0,0.0,0.0,0.0,1069.0,0.0,7048,6725.0
0,0,1,1,0,0,0.0,0.0,518.0,8045.0,8334.0,703.0,0.0,0.0,0.0,0.0,0.0,0.0,0.0,0.0,0.0,473.0,0.0,3206,7360.0
0,0,1,1,0,0,0.0,0.0,0.0,4228.0,8298.0,0.0,0.0,0.0,0.0,0.0,0.0,0.0,0.0,0.0,0.0,1311.0,0.0,1827,4951.0
0,0,1,1,0,0,0.0,0.0,0.0,9261.0,8486.0,852.0,295.0,0.0,0.0,0.0,0.0,0.0,0.0,0.0,0.0,207.0,221.0,5163,6842.0
0,0,1,1,0,0,0.0,0.0,0.0,8924.0,7839.0,1991.0,0.0,0.0,0.0,0.0,0.0,0.0,0.0,0.0,0.0,2402.0,0.0,7062,6707.0
0,0,1,1,0,0,0.0,0.0,0.0,4492.0,8703.0,844.0,527.0,0.0,0.0,0.0,0.0,0.0,0.0,0.0,0.0,344.0,0.0,5728,6477.0
0,0,1,1,0,0,0.0,0.0,0.0,4795.0,7825.0,2152.0,0.0,0.0,0.0,0.0,0.0,0.0,0.0,0.0,0.0,2763.0,0.0,7380,7366.0
0,0,1,1,0,0,0.0,0.0,0.0,8475.0,8249.0,174.0,0.0,0.0,0.0,0.0,0.0,0.0,0.0,0.0,0.0,0.0,0.0,1863,6958.0
0,0,1,1,0,0,0.0,0.0,0.0,8982.0,8605.0,0.0,0.0,0.0,0.0,0.0,0.0,0.0,0.0,0.0,0.0,319.0,0.0,1036,7508.0
0,0,1,1,0,0,354.0,0.0,0.0,8382.0,8031.0,1009.0,0.0,0.0,0.0,0.0,0.0,0.0,0.0,0.0,0.0,0.0,456.0,4812,6458.0
0,0,1,1,0,0,0.0,0.0,0.0,8017.0,7761.0,323.0,0.0,0.0,0.0,0.0,0.0,0.0,0.0,0.0,0.0,342.0,0.0,5633,6362.0
0,0,1,1,0,0,0.0,0.0,237.0,8949.0,8347.0,317.0,0.0,0.0,0.0,0.0,0.0,0.0,0.0,0.0,0.0,195.0,0.0,2014,7154.0
0,0,1,1,0,0,0.0,0.0,0.0,8812.0,8385.0,0.0,0.0,0.0,0.0,0.0,0.0,0.0,0.0,0.0,0.0,1210.0,0.0,1842,7536.0
0,0,1,1,0,0,0.0,0.0,161.0,393.0,8167.0,0.0,1492.0,0.0,0.0,0.0,0.0,0.0,0.0,0.0,0.0,0.0,2564.0,7346,7099.0
0,0,1,1,0,0,0.0,0.0,503.0,1284.0,8539.0,427.0,2111.0,0.0,0.0,0.0,0.0,0.0,0.0,0.0,0.0,0.0,2235.0,7107,7152.0
0,0,1,1,0,0,0.0,0.0,0.0,584.0,7552.0,0.0,1129.0,0.0,0.0,0.0,0.0,0.0,0.0,0.0,0.0,0.0,2054.0,6406,7344.0
0,0,1,1,0,0,0.0,0.0,169.0,1418.0,6354.0,0.0,808.0,0.0,0.0,0.0,0.0,0.0,0.0,0.0,0.0,0.0,1004.0,4666,7259.0
0,0,1,1,0,0,0.0,0.0,719.0,565.0,8342.0,0.0,0.0,0.0,0.0,0.0,0.0,0.0,0.0,0.0,0.0,0.0,1900.0,6880,2823.0
0,0,1,1,0,0,0.0,0.0,268.0,205.0,7151.0,287.0,296.0,0.0,0.0,0.0,0.0,0.0,0.0,0.0,0.0,0.0,1232.0,3465,1370.0
0,0,1,1,0,0,0.0,0.0,234.0,337.0,8479.0,0.0,1948.0,0.0,0.0,0.0,0.0,0.0,0.0,0.0,0.0,0.0,3629.0,7213,6388.0
0,0,1,1,0,0,0.0,0.0,591.0,776.0,8450.0,549.0,2479.0,0.0,0.0,0.0,0.0,0.0,0.0,0.0,0.0,0.0,2592.0,7001,7308.0
0,0,1,1,0,0,0.0,0.0,265.0,0.0,8501.0,0.0,2495.0,0.0,0.0,0.0,0.0,0.0,0.0,0.0,0.0,0.0,4189.0,7298,3971.0
0,0,1,1,0,0,0.0,0.0,516.0,284.0,8844.0,472.0,2255.0,0.0,0.0,0.0,0.0,0.0,0.0,0.0,0.0,0.0,2599.0,7166,4439.0
0,0,1,1,0,0,0.0,0.0,0.0,2254.0,2521.0,0.0,0.0,0.0,0.0,0.0,0.0,0.0,0.0,0.0,0.0,0.0,615.0,2268,4679.0
0,0,1,1,0,0,0.0,0.0,0.0,680.0,1928.0,0.0,0.0,0.0,0.0,0.0,0.0,0.0,0.0,0.0,0.0,0.0,269.0,1366,2317.0
0,0,1,1,0,0,0.0,0.0,0.0,644.0,4830.0,0.0,605.0,0.0,0.0,0.0,0.0,0.0,0.0,0.0,0.0,0.0,1217.0,4200,7350.0
0,0,1,1,0,0,0.0,0.0,0.0,2367.0,3658.0,0.0,327.0,0.0,0.0,0.0,0.0,0.0,0.0,0.0,0.0,0.0,499.0,4460,6788.0
0,0,1,1,0,0,0.0,0.0,330.0,1287.0,4961.0,0.0,0.0,0.0,0.0,0.0,0.0,0.0,0.0,0.0,0.0,0.0,1062.0,3783,3248.0
0,0,1,1,0,0,0.0,0.0,353.0,702.0,7518.0,366.0,318.0,0.0,0.0,0.0,0.0,0.0,0.0,0.0,0.0,0.0,1065.0,3828,3405.0
0,0,1,1,0,0,0.0,0.0,0.0,591.0,8193.0,466.0,289.0,0.0,0.0,0.0,0.0,0.0,0.0,0.0,0.0,234.0,0.0,3673,5708.0
0,0,1,1,0,0,0.0,0.0,0.0,9252.0,8140.0,994.0,0.0,0.0,0.0,0.0,0.0,0.0,0.0,0.0,0.0,1262.0,0.0,7112,7118.0
0,0,1,1,0,0,219.0,0.0,0.0,8792.0,8057.0,916.0,235.0,0.0,0.0,0.0,0.0,0.0,0.0,0.0,0.0,196.0,283.0,5436,6709.0
0,0,1,1,0,0,0.0,0.0,0.0,8865.0,8283.0,717.0,0.0,0.0,0.0,0.0,0.0,0.0,0.0,0.0,0.0,901.0,0.0,6277,6569.0
0,0,1,1,0,0,0.0,0.0,486.0,0.0,8464.0,673.0,0.0,0.0,0.0,0.0,0.0,0.0,0.0,0.0,0.0,443.0,0.0,3096,4117.0
0,0,1,1,0,0,0.0,0.0,0.0,4442.0,7557.0,0.0,0.0,0.0,0.0,0.0,0.0,0.0,0.0,0.0,0.0,1098.0,0.0,1746,6733.0
0,0,1,1,0,0,0.0,0.0,0.0,178.0,8020.0,319.0,233.0,0.0,0.0,0.0,0.0,0.0,0.0,0.0,0.0,162.0,0.0,2476,1798.0
0,0,1,1,0,0,0.0,0.0,0.0,7140.0,8588.0,989.0,0.0,0.0,0.0,0.0,0.0,0.0,0.0,0.0,0.0,1348.0,0.0,6488,7438.0
0,0,1,1,0,0,0.0,0.0,0.0,0.0,1477.0,0.0,0.0,0.0,0.0,0.0,0.0,0.0,0.0,0.0,0.0,0.0,0.0,245,0.0
0,0,1,1,0,0,0.0,0.0,0.0,3133.0,8519.0,1329.0,0.0,0.0,0.0,0.0,0.0,0.0,0.0,0.0,0.0,1728.0,0.0,7173,7195.0
0,0,1,1,0,0,0.0,0.0,0.0,8518.0,8233.0,0.0,0.0,0.0,0.0,0.0,0.0,0.0,0.0,0.0,0.0,0.0,0.0,1747,6694.0
0,0,1,1,0,0,0.0,0.0,0.0,9013.0,8224.0,0.0,0.0,0.0,0.0,0.0,0.0,0.0,0.0,0.0,0.0,338.0,0.0,1383,7077.0
0,0,1,1,0,0,0.0,0.0,0.0,8991.0,8324.0,0.0,0.0,0.0,0.0,0.0,0.0,0.0,0.0,0.0,0.0,0.0,0.0,2517,7111.0
0,0,1,1,0,0,0.0,0.0,0.0,7492.0,8024.0,0.0,0.0,0.0,0.0,0.0,0.0,0.0,0.0,0.0,0.0,716.0,0.0,1386,7259.0
0,0,1,1,0,0,0.0,0.0,0.0,440.0,901.0,0.0,0.0,0.0,0.0,0.0,0.0,0.0,0.0,0.0,0.0,0.0,249.0,1167,5584.0
0,0,1,1,0,0,0.0,0.0,362.0,1211.0,7568.0,323.0,1880.0,0.0,0.0,0.0,0.0,0.0,0.0,0.0,0.0,0.0,1626.0,6987,6768.0
0,0,1,1,0,0,0.0,0.0,0.0,541.0,7067.0,0.0,858.0,0.0,0.0,0.0,0.0,0.0,0.0,0.0,0.0,0.0,1646.0,5122,7206.0
0,0,1,1,0,0,0.0,0.0,162.0,1168.0,6133.0,153.0,894.0,0.0,0.0,0.0,0.0,0.0,0.0,0.0,0.0,0.0,950.0,4686,7339.0
0,0,1,1,0,0,0.0,0.0,218.0,234.0,5593.0,243.0,305.0,0.0,0.0,0.0,0.0,0.0,0.0,0.0,0.0,0.0,988.0,3357,4346.0
0,0,1,1,0,0,0.0,0.0,0.0,735.0,391.0,0.0,0.0,0.0,0.0,0.0,0.0,0.0,0.0,0.0,0.0,0.0,0.0,1468,7258.0
0,0,1,1,0,0,0.0,0.0,244.0,0.0,8716.0,0.0,2123.0,0.0,0.0,0.0,0.0,0.0,0.0,0.0,0.0,0.0,3545.0,7292,3925.0
0,0,1,1,0,0,0.0,0.0,169.0,0.0,8426.0,0.0,1673.0,0.0,0.0,0.0,0.0,0.0,0.0,0.0,0.0,0.0,2831.0,7300,5253.0
0,0,1,1,0,0,0.0,0.0,0.0,1094.0,1737.0,0.0,0.0,0.0,0.0,0.0,0.0,0.0,0.0,0.0,0.0,0.0,375.0,1234,2123.0
0,0,1,1,0,0,0.0,0.0,0.0,1087.0,285.0,0.0,0.0,0.0,0.0,0.0,0.0,0.0,0.0,0.0,0.0,0.0,0.0,1378,7062.0
0,0,1,1,0,0,0.0,0.0,0.0,954.0,3932.0,0.0,457.0,0.0,0.0,0.0,0.0,0.0,0.0,0.0,0.0,0.0,1010.0,4163,7436.0
0,0,1,1,0,0,0.0,0.0,0.0,2433.0,3676.0,0.0,460.0,0.0,0.0,0.0,0.0,0.0,0.0,0.0,0.0,0.0,474.0,5178,6918.0
0,0,1,1,0,0,0.0,0.0,0.0,931.0,264.0,0.0,0.0,0.0,0.0,0.0,0.0,0.0,0.0,0.0,0.0,0.0,0.0,1317,7114.0
1,0,0,0,0,1,6241.0,8611.0,639.0,0.0,0.0,0.0,7802.0,320.0,0.0,0.0,0.0,0.0,0.0,0.0,0.0,0.0,5197.0,7113,7418.0
1,0,0,0,0,1,7473.0,2293.0,0.0,0.0,0.0,0.0,8337.0,380.0,0.0,0.0,0.0,0.0,0.0,0.0,0.0,0.0,3429.0,3763,7249.0
1,0,0,0,0,1,7417.0,6708.0,366.0,0.0,0.0,0.0,8738.0,676.0,0.0,0.0,0.0,0.0,0.0,0.0,0.0,0.0,6855.0,6967,7342.0
1,0,0,0,0,1,2228.0,348.0,0.0,0.0,0.0,0.0,4427.0,207.0,0.0,0.0,0.0,0.0,0.0,0.0,0.0,0.0,1991.0,1926,2593.0
1,0,0,0,0,1,6752.0,3994.0,0.0,0.0,0.0,0.0,1794.0,0.0,0.0,0.0,0.0,0.0,0.0,0.0,0.0,0.0,1658.0,2687,5677.0
1,0,0,0,0,1,5593.0,8911.0,983.0,0.0,0.0,0.0,1103.0,0.0,0.0,0.0,0.0,0.0,0.0,0.0,0.0,251.0,6835.0,7097,7188.0
1,0,0,0,0,1,7052.0,3383.0,0.0,0.0,0.0,0.0,3547.0,0.0,0.0,0.0,0.0,0.0,0.0,0.0,0.0,159.0,2573.0,3020,6536.0
1,0,0,0,0,1,7063.0,3009.0,0.0,0.0,0.0,0.0,5967.0,212.0,0.0,0.0,0.0,0.0,0.0,0.0,0.0,0.0,1906.0,2716,5384.0
1,0,0,0,0,1,6857.0,7873.0,867.0,0.0,0.0,0.0,8446.0,511.0,221.0,0.0,0.0,0.0,0.0,0.0,0.0,6977.0,6809.0,7157,7732.0
1,0,0,0,0,1,6544.0,8265.0,306.0,0.0,0.0,0.0,7876.0,0.0,150.0,0.0,0.0,0.0,0.0,0.0,0.0,7037.0,6236.0,6944,7176.0
1,0,0,0,0,1,6411.0,8464.0,1178.0,0.0,0.0,0.0,5504.0,220.0,0.0,0.0,0.0,0.0,0.0,0.0,0.0,6933.0,4312.0,7138,7300.0
1,0,0,0,0,1,6024.0,8388.0,290.0,0.0,0.0,0.0,4179.0,0.0,0.0,0.0,0.0,0.0,0.0,0.0,0.0,6766.0,2964.0,7090,7291.0
1,0,0,0,0,1,8335.0,1195.0,0.0,0.0,0.0,0.0,1397.0,0.0,0.0,0.0,0.0,0.0,0.0,0.0,0.0,683.0,2586.0,1760,3788.0
1,0,0,0,0,1,7741.0,5164.0,614.0,0.0,0.0,0.0,5503.0,246.0,0.0,0.0,0.0,0.0,0.0,0.0,0.0,5778.0,5028.0,6455,7399.0
1,0,0,0,0,1,7626.0,4834.0,0.0,0.0,0.0,0.0,7974.0,0.0,0.0,0.0,0.0,0.0,0.0,0.0,0.0,4692.0,6577.0,6398,7455.0
1,0,0,0,0,1,6835.0,7440.0,806.0,0.0,0.0,0.0,6016.0,242.0,0.0,0.0,0.0,0.0,0.0,0.0,0.0,7181.0,4872.0,7064,7481.0
1,0,0,0,0,1,8410.0,1946.0,0.0,0.0,0.0,0.0,8061.0,0.0,0.0,0.0,0.0,0.0,0.0,0.0,0.0,1877.0,6771.0,4007,7035.0
1,0,0,0,0,1,5618.0,6483.0,0.0,0.0,0.0,0.0,1271.0,0.0,0.0,0.0,0.0,0.0,0.0,0.0,0.0,3903.0,909.0,4707,7494.0
1,0,0,0,0,1,6447.0,5275.0,352.0,0.0,0.0,0.0,331.0,0.0,0.0,0.0,0.0,0.0,0.0,0.0,0.0,2913.0,496.0,3101,7279.0
1,0,0,0,0,1,6207.0,8652.0,1298.0,0.0,0.0,0.0,2157.0,0.0,0.0,0.0,0.0,0.0,0.0,0.0,0.0,6926.0,1626.0,7207,7319.0
1,0,0,0,0,1,7275.0,2586.0,0.0,0.0,0.0,0.0,401.0,0.0,0.0,0.0,0.0,0.0,0.0,0.0,0.0,1892.0,369.0,2448,5227.0
1,0,0,0,0,1,7199.0,3449.0,217.0,0.0,0.0,0.0,1246.0,0.0,0.0,0.0,0.0,0.0,0.0,0.0,0.0,1850.0,1984.0,2616,6991.0
1,1,0,0,0,0,6454.0,7264.0,1157.0,0.0,0.0,0.0,5734.0,2380.0,2870.0,155.0,1815.0,287.0,0.0,0.0,0.0,6909.0,6439.0,7199,7483.0
1,1,0,0,0,0,6021.0,7880.0,498.0,0.0,0.0,0.0,5717.0,3188.0,3908.0,217.0,1798.0,358.0,0.0,0.0,0.0,7000.0,5922.0,6761,7183.0
1,1,0,0,0,0,6115.0,8184.0,1348.0,0.0,0.0,0.0,3783.0,1581.0,1905.0,0.0,1189.0,208.0,0.0,0.0,0.0,6922.0,6738.0,7176,7165.0
1,1,0,0,0,0,5181.0,8967.0,554.0,0.0,0.0,0.0,3709.0,2047.0,2457.0,0.0,1147.0,217.0,0.0,0.0,0.0,6396.0,6688.0,6919,6811.0
1,1,0,0,0,0,6849.0,2092.0,0.0,0.0,0.0,0.0,5994.0,1990.0,3583.0,186.0,1744.0,276.0,0.0,0.0,0.0,1380.0,6480.0,6533,7405.0
1,1,0,0,0,0,7351.0,924.0,0.0,0.0,0.0,0.0,6411.0,1903.0,2034.0,0.0,2012.0,276.0,0.0,0.0,0.0,510.0,7007.0,7267,7753.0
1,1,0,0,0,0,7113.0,3187.0,843.0,0.0,0.0,0.0,6663.0,3074.0,3167.0,175.0,1981.0,316.0,0.0,0.0,0.0,3565.0,5897.0,6933,7234.0
1,1,0,0,0,0,6832.0,6438.0,423.0,0.0,0.0,0.0,5212.0,2970.0,3588.0,202.0,1708.0,311.0,0.0,0.0,0.0,6309.0,5958.0,6847,7002.0
1,1,0,0,0,0,7969.0,935.0,474.0,0.0,0.0,0.0,6416.0,3039.0,2670.0,0.0,1645.0,239.0,0.0,0.0,0.0,893.0,6356.0,6997,7351.0
1,1,0,0,0,0,7992.0,1153.0,249.0,0.0,0.0,0.0,5610.0,3355.0,3275.0,179.0,1500.0,286.0,0.0,0.0,0.0,1093.0,6367.0,7167,7530.0
1,1,0,0,0,0,5200.0,6946.0,0.0,0.0,0.0,0.0,1375.0,433.0,800.0,0.0,388.0,0.0,0.0,0.0,0.0,4171.0,3574.0,6609,7478.0
1,1,0,0,0,0,6335.0,3869.0,258.0,0.0,0.0,0.0,2207.0,628.0,742.0,0.0,735.0,0.0,0.0,0.0,0.0,2283.0,5433.0,5317,7389.0
1,1,0,0,0,0,5989.0,8752.0,1539.0,0.0,0.0,0.0,1463.0,628.0,754.0,0.0,475.0,0.0,0.0,0.0,0.0,6802.0,5146.0,7298,7169.0
1,1,0,0,0,0,5055.0,8934.0,629.0,0.0,0.0,0.0,1069.0,675.0,729.0,0.0,338.0,0.0,0.0,0.0,0.0,6144.0,3596.0,7192,7253.0
1,1,0,0,0,0,6476.0,3533.0,0.0,0.0,0.0,0.0,2901.0,1104.0,1932.0,0.0,946.0,0.0,0.0,0.0,0.0,2436.0,6804.0,6603,7616.0
1,1,0,0,0,0,6505.0,3645.0,232.0,0.0,0.0,0.0,5460.0,2291.0,2113.0,0.0,2098.0,324.0,0.0,0.0,0.0,1907.0,6738.0,6660,7435.0
1,1,0,0,0,0,6184.0,6186.0,751.0,0.0,0.0,0.0,8858.0,4028.0,0.0,539.0,1253.0,1650.0,0.0,0.0,0.0,5364.0,6701.0,6973,7237.0
1,1,0,0,0,0,6516.0,6003.0,290.0,0.0,0.0,0.0,8583.0,1575.0,0.0,0.0,367.0,1253.0,0.0,0.0,0.0,6250.0,6956.0,5977,7243.0
1,1,0,0,0,0,5634.0,8122.0,1173.0,0.0,0.0,0.0,9025.0,3176.0,0.0,395.0,885.0,1291.0,0.0,0.0,0.0,6724.0,6687.0,6927,6929.0
1,1,0,0,0,0,5406.0,8631.0,412.0,0.0,0.0,0.0,8360.0,1281.0,0.0,0.0,326.0,1065.0,0.0,0.0,0.0,6548.0,6934.0,6933,6995.0
1,1,0,0,0,0,4920.0,3038.0,2786.0,0.0,0.0,0.0,8578.0,6652.0,0.0,2123.0,1681.0,2948.0,0.0,0.0,0.0,1347.0,5731.0,6253,6562.0
1,1,0,0,0,0,8025.0,752.0,0.0,0.0,0.0,0.0,8195.0,1635.0,0.0,295.0,1631.0,1490.0,0.0,0.0,0.0,263.0,7086.0,2093,7678.0
1,1,0,0,0,0,6261.0,3338.0,373.0,0.0,0.0,0.0,8668.0,5077.0,0.0,616.0,1333.0,2074.0,0.0,0.0,0.0,3139.0,6036.0,6280,6804.0
1,1,0,0,0,0,7255.0,2700.0,405.0,0.0,0.0,0.0,8980.0,2142.0,0.0,206.0,544.0,1678.0,0.0,0.0,0.0,3918.0,6585.0,4236,7465.0
1,1,0,0,0,0,5759.0,182.0,0.0,0.0,0.0,0.0,3716.0,698.0,0.0,0.0,0.0,155.0,0.0,0.0,0.0,151.0,2205.0,516,2097.0
1,1,0,0,0,0,8009.0,888.0,272.0,0.0,0.0,0.0,8974.0,2579.0,0.0,213.0,564.0,1761.0,0.0,0.0,0.0,1049.0,6625.0,2566,7419.0
1,1,0,0,0,0,5147.0,5063.0,525.0,0.0,0.0,0.0,5785.0,950.0,0.0,361.0,290.0,535.0,0.0,0.0,0.0,3177.0,4596.0,5136,7295.0
1,1,0,0,0,0,6412.0,3734.0,242.0,0.0,0.0,0.0,3494.0,538.0,0.0,0.0,703.0,722.0,0.0,0.0,0.0,2213.0,2633.0,2969,7402.0
1,1,0,0,0,0,5093.0,8939.0,608.0,0.0,0.0,0.0,4869.0,660.0,0.0,0.0,168.0,578.0,0.0,0.0,0.0,6175.0,4206.0,7159,6909.0
1,1,0,0,0,0,5824.0,3043.0,1169.0,0.0,0.0,0.0,8532.0,2387.0,0.0,849.0,676.0,1189.0,0.0,0.0,0.0,1978.0,6698.0,5323,6853.0
1,1,0,0,0,0,6555.0,3736.0,202.0,0.0,0.0,0.0,8844.0,3100.0,0.0,607.0,3439.0,3373.0,0.0,0.0,0.0,1699.0,6545.0,4192,7083.0
